iso2c,iso3c,country,date,gdp_capita,life_exp,pop,capital_city,longitude,latitude,region_iso3c,region_iso2c,region,admin_region_iso3c,admin_region_iso2c,admin_region,income_level_iso3c,income_level_iso2c,income_level,lending_type_iso3c,lending_type_iso2c,lending_type
AF,AFG,Afghanistan,2000,174.930991430166,55.298,20130327,Kabul,69.1761,34.5228,SAS,8S,South Asia,SAS,8S,South Asia,LIC,XM,Low income,IDX,XI,IDA
AF,AFG,Afghanistan,2001,138.706821676113,55.798,20284307,Kabul,69.1761,34.5228,SAS,8S,South Asia,SAS,8S,South Asia,LIC,XM,Low income,IDX,XI,IDA
AF,AFG,Afghanistan,2002,178.954088379235,56.454,21378117,Kabul,69.1761,34.5228,SAS,8S,South Asia,SAS,8S,South Asia,LIC,XM,Low income,IDX,XI,IDA
AF,AFG,Afghanistan,2003,198.871115728727,57.344,22733049,Kabul,69.1761,34.5228,SAS,8S,South Asia,SAS,8S,South Asia,LIC,XM,Low income,IDX,XI,IDA
AF,AFG,Afghanistan,2004,221.763653873013,57.944,23560654,Kabul,69.1761,34.5228,SAS,8S,South Asia,SAS,8S,South Asia,LIC,XM,Low income,IDX,XI,IDA
AF,AFG,Afghanistan,2005,254.184249149336,58.361,24404567,Kabul,69.1761,34.5228,SAS,8S,South Asia,SAS,8S,South Asia,LIC,XM,Low income,IDX,XI,IDA
AF,AFG,Afghanistan,2006,274.218553561575,58.684,25424094,Kabul,69.1761,34.5228,SAS,8S,South Asia,SAS,8S,South Asia,LIC,XM,Low income,IDX,XI,IDA
AF,AFG,Afghanistan,2007,376.223152003876,59.111,25909852,Kabul,69.1761,34.5228,SAS,8S,South Asia,SAS,8S,South Asia,LIC,XM,Low income,IDX,XI,IDA
AF,AFG,Afghanistan,2008,381.73323802844,59.852,26482622,Kabul,69.1761,34.5228,SAS,8S,South Asia,SAS,8S,South Asia,LIC,XM,Low income,IDX,XI,IDA
AF,AFG,Afghanistan,2009,452.053705477043,60.364,27466101,Kabul,69.1761,34.5228,SAS,8S,South Asia,SAS,8S,South Asia,LIC,XM,Low income,IDX,XI,IDA
AF,AFG,Afghanistan,2010,560.621505463146,60.851,28284089,Kabul,69.1761,34.5228,SAS,8S,South Asia,SAS,8S,South Asia,LIC,XM,Low income,IDX,XI,IDA
AF,AFG,Afghanistan,2011,606.694676337726,61.419,29347708,Kabul,69.1761,34.5228,SAS,8S,South Asia,SAS,8S,South Asia,LIC,XM,Low income,IDX,XI,IDA
AF,AFG,Afghanistan,2012,651.417134470046,61.923,30560034,Kabul,69.1761,34.5228,SAS,8S,South Asia,SAS,8S,South Asia,LIC,XM,Low income,IDX,XI,IDA
AF,AFG,Afghanistan,2013,637.087099117099,62.417,31622704,Kabul,69.1761,34.5228,SAS,8S,South Asia,SAS,8S,South Asia,LIC,XM,Low income,IDX,XI,IDA
AF,AFG,Afghanistan,2014,625.054941813938,62.545,32792523,Kabul,69.1761,34.5228,SAS,8S,South Asia,SAS,8S,South Asia,LIC,XM,Low income,IDX,XI,IDA
AF,AFG,Afghanistan,2015,565.569730408751,62.659,33831764,Kabul,69.1761,34.5228,SAS,8S,South Asia,SAS,8S,South Asia,LIC,XM,Low income,IDX,XI,IDA
AF,AFG,Afghanistan,2016,522.082215583898,63.136,34700612,Kabul,69.1761,34.5228,SAS,8S,South Asia,SAS,8S,South Asia,LIC,XM,Low income,IDX,XI,IDA
AF,AFG,Afghanistan,2017,525.469770891619,63.016,35688935,Kabul,69.1761,34.5228,SAS,8S,South Asia,SAS,8S,South Asia,LIC,XM,Low income,IDX,XI,IDA
AF,AFG,Afghanistan,2018,491.337221382603,63.081,36743039,Kabul,69.1761,34.5228,SAS,8S,South Asia,SAS,8S,South Asia,LIC,XM,Low income,IDX,XI,IDA
AF,AFG,Afghanistan,2019,496.6025042585,63.565,37856121,Kabul,69.1761,34.5228,SAS,8S,South Asia,SAS,8S,South Asia,LIC,XM,Low income,IDX,XI,IDA
AF,AFG,Afghanistan,2020,510.787063366811,62.575,39068979,Kabul,69.1761,34.5228,SAS,8S,South Asia,SAS,8S,South Asia,LIC,XM,Low income,IDX,XI,IDA
AF,AFG,Afghanistan,2021,356.496214115892,61.982,40000412,Kabul,69.1761,34.5228,SAS,8S,South Asia,SAS,8S,South Asia,LIC,XM,Low income,IDX,XI,IDA
AF,AFG,Afghanistan,2022,357.261152798144,62.879,40578842,Kabul,69.1761,34.5228,SAS,8S,South Asia,SAS,8S,South Asia,LIC,XM,Low income,IDX,XI,IDA
BD,BGD,Bangladesh,2000,396.670730249751,65.779,134544304,Dhaka,90.4113,23.7055,SAS,8S,South Asia,SAS,8S,South Asia,LMC,XN,Lower middle income,IDX,XI,IDA
BD,BGD,Bangladesh,2001,394.65641001891,66.135,136805810,Dhaka,90.4113,23.7055,SAS,8S,South Asia,SAS,8S,South Asia,LMC,XN,Lower middle income,IDX,XI,IDA
BD,BGD,Bangladesh,2002,393.886422327628,66.612,138933658,Dhaka,90.4113,23.7055,SAS,8S,South Asia,SAS,8S,South Asia,LMC,XN,Lower middle income,IDX,XI,IDA
BD,BGD,Bangladesh,2003,426.74880754362,66.824,140970351,Dhaka,90.4113,23.7055,SAS,8S,South Asia,SAS,8S,South Asia,LMC,XN,Lower middle income,IDX,XI,IDA
BD,BGD,Bangladesh,2004,455.614016909798,67.187,142902856,Dhaka,90.4113,23.7055,SAS,8S,South Asia,SAS,8S,South Asia,LMC,XN,Lower middle income,IDX,XI,IDA
BD,BGD,Bangladesh,2005,480.08585075452,67.299,144715786,Dhaka,90.4113,23.7055,SAS,8S,South Asia,SAS,8S,South Asia,LMC,XN,Lower middle income,IDX,XI,IDA
BD,BGD,Bangladesh,2006,490.388026533289,67.241,146405973,Dhaka,90.4113,23.7055,SAS,8S,South Asia,SAS,8S,South Asia,LMC,XN,Lower middle income,IDX,XI,IDA
BD,BGD,Bangladesh,2007,537.955492792911,66.714,147989278,Dhaka,90.4113,23.7055,SAS,8S,South Asia,SAS,8S,South Asia,LMC,XN,Lower middle income,IDX,XI,IDA
BD,BGD,Bangladesh,2008,613.06204104124,67.051,149474264,Dhaka,90.4113,23.7055,SAS,8S,South Asia,SAS,8S,South Asia,LMC,XN,Lower middle income,IDX,XI,IDA
BD,BGD,Bangladesh,2009,679.211477428056,67.403,150873714,Dhaka,90.4113,23.7055,SAS,8S,South Asia,SAS,8S,South Asia,LMC,XN,Lower middle income,IDX,XI,IDA
BD,BGD,Bangladesh,2010,757.385280361508,68.638,152201981,Dhaka,90.4113,23.7055,SAS,8S,South Asia,SAS,8S,South Asia,LMC,XN,Lower middle income,IDX,XI,IDA
BD,BGD,Bangladesh,2011,837.336944695647,68.809,153591076,Dhaka,90.4113,23.7055,SAS,8S,South Asia,SAS,8S,South Asia,LMC,XN,Lower middle income,IDX,XI,IDA
BD,BGD,Bangladesh,2012,859.680536375497,69.554,155070101,Dhaka,90.4113,23.7055,SAS,8S,South Asia,SAS,8S,South Asia,LMC,XN,Lower middle income,IDX,XI,IDA
BD,BGD,Bangladesh,2013,958.262989798283,69.565,156532141,Dhaka,90.4113,23.7055,SAS,8S,South Asia,SAS,8S,South Asia,LMC,XN,Lower middle income,IDX,XI,IDA
BD,BGD,Bangladesh,2014,1094.46199702838,69.986,157964929,Dhaka,90.4113,23.7055,SAS,8S,South Asia,SAS,8S,South Asia,LMC,XN,Lower middle income,IDX,XI,IDA
BD,BGD,Bangladesh,2015,1224.38647668165,70.491,159383179,Dhaka,90.4113,23.7055,SAS,8S,South Asia,SAS,8S,South Asia,LMC,XN,Lower middle income,IDX,XI,IDA
BD,BGD,Bangladesh,2016,1649.28380858601,71.09,160811932,Dhaka,90.4113,23.7055,SAS,8S,South Asia,SAS,8S,South Asia,LMC,XN,Lower middle income,IDX,XI,IDA
BD,BGD,Bangladesh,2017,1811.08221668646,71.788,162186147,Dhaka,90.4113,23.7055,SAS,8S,South Asia,SAS,8S,South Asia,LMC,XN,Lower middle income,IDX,XI,IDA
BD,BGD,Bangladesh,2018,1965.24372731467,72.567,163523103,Dhaka,90.4113,23.7055,SAS,8S,South Asia,SAS,8S,South Asia,LMC,XN,Lower middle income,IDX,XI,IDA
BD,BGD,Bangladesh,2019,2129.79896954606,72.806,164913055,Dhaka,90.4113,23.7055,SAS,8S,South Asia,SAS,8S,South Asia,LMC,XN,Lower middle income,IDX,XI,IDA
BD,BGD,Bangladesh,2020,2248.85078828233,71.968,166298024,Dhaka,90.4113,23.7055,SAS,8S,South Asia,SAS,8S,South Asia,LMC,XN,Lower middle income,IDX,XI,IDA
BD,BGD,Bangladesh,2021,2482.84917843357,72.381,167658854,Dhaka,90.4113,23.7055,SAS,8S,South Asia,SAS,8S,South Asia,LMC,XN,Lower middle income,IDX,XI,IDA
BD,BGD,Bangladesh,2022,2716.48592677835,73.698,169384897,Dhaka,90.4113,23.7055,SAS,8S,South Asia,SAS,8S,South Asia,LMC,XN,Lower middle income,IDX,XI,IDA
BT,BTN,Bhutan,2000,771.924911410619,62.01,596863,Thimphu,89.6177,27.5768,SAS,8S,South Asia,SAS,8S,South Asia,LMC,XN,Lower middle income,IDX,XI,IDA
BT,BTN,Bhutan,2001,812.238210772056,63.444,610794,Thimphu,89.6177,27.5768,SAS,8S,South Asia,SAS,8S,South Asia,LMC,XN,Lower middle income,IDX,XI,IDA
BT,BTN,Bhutan,2002,895.799489930972,64.078,624409,Thimphu,89.6177,27.5768,SAS,8S,South Asia,SAS,8S,South Asia,LMC,XN,Lower middle income,IDX,XI,IDA
BT,BTN,Bhutan,2003,1022.38240311018,64.696,637663,Thimphu,89.6177,27.5768,SAS,8S,South Asia,SAS,8S,South Asia,LMC,XN,Lower middle income,IDX,XI,IDA
BT,BTN,Bhutan,2004,1130.35934606796,65.268,650544,Thimphu,89.6177,27.5768,SAS,8S,South Asia,SAS,8S,South Asia,LMC,XN,Lower middle income,IDX,XI,IDA
BT,BTN,Bhutan,2005,1299.94938578359,65.805,661865,Thimphu,89.6177,27.5768,SAS,8S,South Asia,SAS,8S,South Asia,LMC,XN,Lower middle income,IDX,XI,IDA
BT,BTN,Bhutan,2006,1405.6071618158,66.362,670799,Thimphu,89.6177,27.5768,SAS,8S,South Asia,SAS,8S,South Asia,LMC,XN,Lower middle income,IDX,XI,IDA
BT,BTN,Bhutan,2007,1850.41570433398,66.954,678641,Thimphu,89.6177,27.5768,SAS,8S,South Asia,SAS,8S,South Asia,LMC,XN,Lower middle income,IDX,XI,IDA
BT,BTN,Bhutan,2008,1919.59774896395,67.499,686351,Thimphu,89.6177,27.5768,SAS,8S,South Asia,SAS,8S,South Asia,LMC,XN,Lower middle income,IDX,XI,IDA
BT,BTN,Bhutan,2009,1918.39599211093,67.897,693988,Thimphu,89.6177,27.5768,SAS,8S,South Asia,SAS,8S,South Asia,LMC,XN,Lower middle income,IDX,XI,IDA
BT,BTN,Bhutan,2010,2435.57980661188,68.43,701632,Thimphu,89.6177,27.5768,SAS,8S,South Asia,SAS,8S,South Asia,LMC,XN,Lower middle income,IDX,XI,IDA
BT,BTN,Bhutan,2011,2787.97967689425,68.881,709377,Thimphu,89.6177,27.5768,SAS,8S,South Asia,SAS,8S,South Asia,LMC,XN,Lower middle income,IDX,XI,IDA
BT,BTN,Bhutan,2012,2751.21288653263,69.326,717279,Thimphu,89.6177,27.5768,SAS,8S,South Asia,SAS,8S,South Asia,LMC,XN,Lower middle income,IDX,XI,IDA
BT,BTN,Bhutan,2013,2679.95217216983,69.707,725273,Thimphu,89.6177,27.5768,SAS,8S,South Asia,SAS,8S,South Asia,LMC,XN,Lower middle income,IDX,XI,IDA
BT,BTN,Bhutan,2014,2849.49998659935,70.049,733139,Thimphu,89.6177,27.5768,SAS,8S,South Asia,SAS,8S,South Asia,LMC,XN,Lower middle income,IDX,XI,IDA
BT,BTN,Bhutan,2015,2954.04081973327,70.343,740618,Thimphu,89.6177,27.5768,SAS,8S,South Asia,SAS,8S,South Asia,LMC,XN,Lower middle income,IDX,XI,IDA
BT,BTN,Bhutan,2016,3152.30905081592,70.602,747866,Thimphu,89.6177,27.5768,SAS,8S,South Asia,SAS,8S,South Asia,LMC,XN,Lower middle income,IDX,XI,IDA
BT,BTN,Bhutan,2017,3435.28804814561,70.847,754335,Thimphu,89.6177,27.5768,SAS,8S,South Asia,SAS,8S,South Asia,LMC,XN,Lower middle income,IDX,XI,IDA
BT,BTN,Bhutan,2018,3400.20417159422,71.129,759759,Thimphu,89.6177,27.5768,SAS,8S,South Asia,SAS,8S,South Asia,LMC,XN,Lower middle income,IDX,XI,IDA
BT,BTN,Bhutan,2019,3576.87987077877,71.391,764824,Thimphu,89.6177,27.5768,SAS,8S,South Asia,SAS,8S,South Asia,LMC,XN,Lower middle income,IDX,XI,IDA
BT,BTN,Bhutan,2020,3191.66907031782,71.609,770006,Thimphu,89.6177,27.5768,SAS,8S,South Asia,SAS,8S,South Asia,LMC,XN,Lower middle income,IDX,XI,IDA
BT,BTN,Bhutan,2021,3570.61257915864,71.815,775442,Thimphu,89.6177,27.5768,SAS,8S,South Asia,SAS,8S,South Asia,LMC,XN,Lower middle income,IDX,XI,IDA
BT,BTN,Bhutan,2022,3711.32767902157,72.229,780914,Thimphu,89.6177,27.5768,SAS,8S,South Asia,SAS,8S,South Asia,LMC,XN,Lower middle income,IDX,XI,IDA
IN,IND,India,2000,442.750218937263,62.669,1057922733,New Delhi,77.225,28.6353,SAS,8S,South Asia,SAS,8S,South Asia,LMC,XN,Lower middle income,IBD,XF,IBRD
IN,IND,India,2001,450.357900514128,63.091,1077898575,New Delhi,77.225,28.6353,SAS,8S,South Asia,SAS,8S,South Asia,LMC,XN,Lower middle income,IBD,XF,IBRD
IN,IND,India,2002,469.149928973927,63.616,1097600380,New Delhi,77.225,28.6353,SAS,8S,South Asia,SAS,8S,South Asia,LMC,XN,Lower middle income,IBD,XF,IBRD
IN,IND,India,2003,544.143133545002,64.094,1116803006,New Delhi,77.225,28.6353,SAS,8S,South Asia,SAS,8S,South Asia,LMC,XN,Lower middle income,IBD,XF,IBRD
IN,IND,India,2004,624.258826510066,64.524,1135991513,New Delhi,77.225,28.6353,SAS,8S,South Asia,SAS,8S,South Asia,LMC,XN,Lower middle income,IBD,XF,IBRD
IN,IND,India,2005,710.488080408949,64.996,1154676322,New Delhi,77.225,28.6353,SAS,8S,South Asia,SAS,8S,South Asia,LMC,XN,Lower middle income,IBD,XF,IBRD
IN,IND,India,2006,801.668353659022,65.412,1172878890,New Delhi,77.225,28.6353,SAS,8S,South Asia,SAS,8S,South Asia,LMC,XN,Lower middle income,IBD,XF,IBRD
IN,IND,India,2007,1021.88707706826,65.788,1190676021,New Delhi,77.225,28.6353,SAS,8S,South Asia,SAS,8S,South Asia,LMC,XN,Lower middle income,IBD,XF,IBRD
IN,IND,India,2008,992.519584923828,66.149,1207930964,New Delhi,77.225,28.6353,SAS,8S,South Asia,SAS,8S,South Asia,LMC,XN,Lower middle income,IBD,XF,IBRD
IN,IND,India,2009,1094.94974598436,66.513,1225524753,New Delhi,77.225,28.6353,SAS,8S,South Asia,SAS,8S,South Asia,LMC,XN,Lower middle income,IBD,XF,IBRD
IN,IND,India,2010,1347.51939071367,66.909,1243481564,New Delhi,77.225,28.6353,SAS,8S,South Asia,SAS,8S,South Asia,LMC,XN,Lower middle income,IBD,XF,IBRD
IN,IND,India,2011,1445.46127486037,67.359,1261224954,New Delhi,77.225,28.6353,SAS,8S,South Asia,SAS,8S,South Asia,LMC,XN,Lower middle income,IBD,XF,IBRD
IN,IND,India,2012,1429.32199520032,67.887,1278674502,New Delhi,77.225,28.6353,SAS,8S,South Asia,SAS,8S,South Asia,LMC,XN,Lower middle income,IBD,XF,IBRD
IN,IND,India,2013,1432.84397512195,68.46,1295829511,New Delhi,77.225,28.6353,SAS,8S,South Asia,SAS,8S,South Asia,LMC,XN,Lower middle income,IBD,XF,IBRD
IN,IND,India,2014,1553.88396075118,69.074,1312277191,New Delhi,77.225,28.6353,SAS,8S,South Asia,SAS,8S,South Asia,LMC,XN,Lower middle income,IBD,XF,IBRD
IN,IND,India,2015,1583.99815907985,69.636,1328024498,New Delhi,77.225,28.6353,SAS,8S,South Asia,SAS,8S,South Asia,LMC,XN,Lower middle income,IBD,XF,IBRD
IN,IND,India,2016,1707.50892912243,70.117,1343944296,New Delhi,77.225,28.6353,SAS,8S,South Asia,SAS,8S,South Asia,LMC,XN,Lower middle income,IBD,XF,IBRD
IN,IND,India,2017,1950.10468280866,70.467,1359657400,New Delhi,77.225,28.6353,SAS,8S,South Asia,SAS,8S,South Asia,LMC,XN,Lower middle income,IBD,XF,IBRD
IN,IND,India,2018,1966.25455171679,70.71,1374659064,New Delhi,77.225,28.6353,SAS,8S,South Asia,SAS,8S,South Asia,LMC,XN,Lower middle income,IBD,XF,IBRD
IN,IND,India,2019,2041.42863698585,70.91,1389030312,New Delhi,77.225,28.6353,SAS,8S,South Asia,SAS,8S,South Asia,LMC,XN,Lower middle income,IBD,XF,IBRD
IN,IND,India,2020,1907.04251637669,70.15,1402617695,New Delhi,77.225,28.6353,SAS,8S,South Asia,SAS,8S,South Asia,LMC,XN,Lower middle income,IBD,XF,IBRD
IN,IND,India,2021,2239.61384367482,67.24,1414203896,New Delhi,77.225,28.6353,SAS,8S,South Asia,SAS,8S,South Asia,LMC,XN,Lower middle income,IBD,XF,IBRD
IN,IND,India,2022,2352.61392452078,67.744,1425423212,New Delhi,77.225,28.6353,SAS,8S,South Asia,SAS,8S,South Asia,LMC,XN,Lower middle income,IBD,XF,IBRD
LK,LKA,Sri Lanka,2000,846.460813304966,70.355,19293054,Colombo,79.8528,6.92148,SAS,8S,South Asia,SAS,8S,South Asia,LMC,XN,Lower middle income,IDX,XI,IDA
LK,LKA,Sri Lanka,2001,803.544026627385,70.787,19600362,Colombo,79.8528,6.92148,SAS,8S,South Asia,SAS,8S,South Asia,LMC,XN,Lower middle income,IDX,XI,IDA
LK,LKA,Sri Lanka,2002,834.936014905338,71.117,19805752,Colombo,79.8528,6.92148,SAS,8S,South Asia,SAS,8S,South Asia,LMC,XN,Lower middle income,IDX,XI,IDA
LK,LKA,Sri Lanka,2003,946.382255128072,71.373,19951521,Colombo,79.8528,6.92148,SAS,8S,South Asia,SAS,8S,South Asia,LMC,XN,Lower middle income,IDX,XI,IDA
LK,LKA,Sri Lanka,2004,1028.62068132555,67.091,20087605,Colombo,79.8528,6.92148,SAS,8S,South Asia,SAS,8S,South Asia,LMC,XN,Lower middle income,IDX,XI,IDA
LK,LKA,Sri Lanka,2005,1207.21994764165,72.118,20216524,Colombo,79.8528,6.92148,SAS,8S,South Asia,SAS,8S,South Asia,LMC,XN,Lower middle income,IDX,XI,IDA
LK,LKA,Sri Lanka,2006,1389.50625583936,71.969,20352411,Colombo,79.8528,6.92148,SAS,8S,South Asia,SAS,8S,South Asia,LMC,XN,Lower middle income,IDX,XI,IDA
LK,LKA,Sri Lanka,2007,1578.63451125392,72.049,20492545,Colombo,79.8528,6.92148,SAS,8S,South Asia,SAS,8S,South Asia,LMC,XN,Lower middle income,IDX,XI,IDA
LK,LKA,Sri Lanka,2008,1973.58476901287,71.729,20629378,Colombo,79.8528,6.92148,SAS,8S,South Asia,SAS,8S,South Asia,LMC,XN,Lower middle income,IDX,XI,IDA
LK,LKA,Sri Lanka,2009,2026.65939950702,69.187,20756435,Colombo,79.8528,6.92148,SAS,8S,South Asia,SAS,8S,South Asia,LMC,XN,Lower middle income,IDX,XI,IDA
LK,LKA,Sri Lanka,2010,2808.36779237408,73.215,20879089,Colombo,79.8528,6.92148,SAS,8S,South Asia,SAS,8S,South Asia,LMC,XN,Lower middle income,IDX,XI,IDA
LK,LKA,Sri Lanka,2011,3224.95736331928,73.38,21009048,Colombo,79.8528,6.92148,SAS,8S,South Asia,SAS,8S,South Asia,LMC,XN,Lower middle income,IDX,XI,IDA
LK,LKA,Sri Lanka,2012,3327.77612404326,73.906,21169458,Colombo,79.8528,6.92148,SAS,8S,South Asia,SAS,8S,South Asia,LMC,XN,Lower middle income,IDX,XI,IDA
LK,LKA,Sri Lanka,2013,3740.61589348326,74.239,20585000,Colombo,79.8528,6.92148,SAS,8S,South Asia,SAS,8S,South Asia,LMC,XN,Lower middle income,IDX,XI,IDA
LK,LKA,Sri Lanka,2014,3971.91913148166,74.651,20778000,Colombo,79.8528,6.92148,SAS,8S,South Asia,SAS,8S,South Asia,LMC,XN,Lower middle income,IDX,XI,IDA
LK,LKA,Sri Lanka,2015,4060.13139670248,74.927,20970000,Colombo,79.8528,6.92148,SAS,8S,South Asia,SAS,8S,South Asia,LMC,XN,Lower middle income,IDX,XI,IDA
LK,LKA,Sri Lanka,2016,4149.76105454457,75.331,21209000,Colombo,79.8528,6.92148,SAS,8S,South Asia,SAS,8S,South Asia,LMC,XN,Lower middle income,IDX,XI,IDA
LK,LKA,Sri Lanka,2017,4401.05567045499,75.403,21444000,Colombo,79.8528,6.92148,SAS,8S,South Asia,SAS,8S,South Asia,LMC,XN,Lower middle income,IDX,XI,IDA
LK,LKA,Sri Lanka,2018,4360.58473469252,75.748,21670000,Colombo,79.8528,6.92148,SAS,8S,South Asia,SAS,8S,South Asia,LMC,XN,Lower middle income,IDX,XI,IDA
LK,LKA,Sri Lanka,2019,4082.69404871533,76.008,21803000,Colombo,79.8528,6.92148,SAS,8S,South Asia,SAS,8S,South Asia,LMC,XN,Lower middle income,IDX,XI,IDA
LK,LKA,Sri Lanka,2020,3846.17449566736,76.393,21919000,Colombo,79.8528,6.92148,SAS,8S,South Asia,SAS,8S,South Asia,LMC,XN,Lower middle income,IDX,XI,IDA
LK,LKA,Sri Lanka,2021,3999.33764677637,76.399,22156000,Colombo,79.8528,6.92148,SAS,8S,South Asia,SAS,8S,South Asia,LMC,XN,Lower middle income,IDX,XI,IDA
LK,LKA,Sri Lanka,2022,3342.71989646203,76.61,22181000,Colombo,79.8528,6.92148,SAS,8S,South Asia,SAS,8S,South Asia,LMC,XN,Lower middle income,IDX,XI,IDA
MV,MDV,Maldives,2000,2213.81235053178,70.876,282019,Male,73.5109,4.1742,SAS,8S,South Asia,SAS,8S,South Asia,UMC,XT,Upper middle income,IDX,XI,IDA
MV,MDV,Maldives,2001,3033.93234507036,72.181,286767,Male,73.5109,4.1742,SAS,8S,South Asia,SAS,8S,South Asia,UMC,XT,Upper middle income,IDX,XI,IDA
MV,MDV,Maldives,2002,3076.07007160101,73.291,291616,Male,73.5109,4.1742,SAS,8S,South Asia,SAS,8S,South Asia,UMC,XT,Upper middle income,IDX,XI,IDA
MV,MDV,Maldives,2003,3548.5767011056,74.06,296491,Male,73.5109,4.1742,SAS,8S,South Asia,SAS,8S,South Asia,UMC,XT,Upper middle income,IDX,XI,IDA
MV,MDV,Maldives,2004,4070.2609459446,73.538,301413,Male,73.5109,4.1742,SAS,8S,South Asia,SAS,8S,South Asia,UMC,XT,Upper middle income,IDX,XI,IDA
MV,MDV,Maldives,2005,3796.51546524644,74.751,306429,Male,73.5109,4.1742,SAS,8S,South Asia,SAS,8S,South Asia,UMC,XT,Upper middle income,IDX,XI,IDA
MV,MDV,Maldives,2006,5018.94335409159,75.13,313851,Male,73.5109,4.1742,SAS,8S,South Asia,SAS,8S,South Asia,UMC,XT,Upper middle income,IDX,XI,IDA
MV,MDV,Maldives,2007,5758.10286933053,75.686,324479,Male,73.5109,4.1742,SAS,8S,South Asia,SAS,8S,South Asia,UMC,XT,Upper middle income,IDX,XI,IDA
MV,MDV,Maldives,2008,6757.43280929292,76.543,336170,Male,73.5109,4.1742,SAS,8S,South Asia,SAS,8S,South Asia,UMC,XT,Upper middle income,IDX,XI,IDA
MV,MDV,Maldives,2009,6734.03165601895,77.069,348275,Male,73.5109,4.1742,SAS,8S,South Asia,SAS,8S,South Asia,UMC,XT,Upper middle income,IDX,XI,IDA
MV,MDV,Maldives,2010,7173.59601844692,77.657,360792,Male,73.5109,4.1742,SAS,8S,South Asia,SAS,8S,South Asia,UMC,XT,Upper middle income,IDX,XI,IDA
MV,MDV,Maldives,2011,7424.520410971,78.124,373674,Male,73.5109,4.1742,SAS,8S,South Asia,SAS,8S,South Asia,UMC,XT,Upper middle income,IDX,XI,IDA
MV,MDV,Maldives,2012,7461.29703686309,78.682,386818,Male,73.5109,4.1742,SAS,8S,South Asia,SAS,8S,South Asia,UMC,XT,Upper middle income,IDX,XI,IDA
MV,MDV,Maldives,2013,8236.08177944126,79.057,400070,Male,73.5109,4.1742,SAS,8S,South Asia,SAS,8S,South Asia,UMC,XT,Upper middle income,IDX,XI,IDA
MV,MDV,Maldives,2014,8939.07416571472,79.424,413617,Male,73.5109,4.1742,SAS,8S,South Asia,SAS,8S,South Asia,UMC,XT,Upper middle income,IDX,XI,IDA
MV,MDV,Maldives,2015,9644.90655028145,79.695,428154,Male,73.5109,4.1742,SAS,8S,South Asia,SAS,8S,South Asia,UMC,XT,Upper middle income,IDX,XI,IDA
MV,MDV,Maldives,2016,9947.80744731739,79.872,443308,Male,73.5109,4.1742,SAS,8S,South Asia,SAS,8S,South Asia,UMC,XT,Upper middle income,IDX,XI,IDA
MV,MDV,Maldives,2017,10509.628805812,79.943,458287,Male,73.5109,4.1742,SAS,8S,South Asia,SAS,8S,South Asia,UMC,XT,Upper middle income,IDX,XI,IDA
MV,MDV,Maldives,2018,11423.2838427029,80.013,473099,Male,73.5109,4.1742,SAS,8S,South Asia,SAS,8S,South Asia,UMC,XT,Upper middle income,IDX,XI,IDA
MV,MDV,Maldives,2019,11740.2724029785,80.116,487731,Male,73.5109,4.1742,SAS,8S,South Asia,SAS,8S,South Asia,UMC,XT,Upper middle income,IDX,XI,IDA
MV,MDV,Maldives,2020,7393.8886543933,79.875,502118,Male,73.5109,4.1742,SAS,8S,South Asia,SAS,8S,South Asia,UMC,XT,Upper middle income,IDX,XI,IDA
MV,MDV,Maldives,2021,10176.143882547,79.918,516154,Male,73.5109,4.1742,SAS,8S,South Asia,SAS,8S,South Asia,UMC,XT,Upper middle income,IDX,XI,IDA
MV,MDV,Maldives,2022,11786.0091545343,80.839,524106,Male,73.5109,4.1742,SAS,8S,South Asia,SAS,8S,South Asia,UMC,XT,Upper middle income,IDX,XI,IDA
NP,NPL,Nepal,2000,223.830289183078,62.614,24546509,Kathmandu,85.3157,27.6939,SAS,8S,South Asia,SAS,8S,South Asia,LMC,XN,Lower middle income,IDX,XI,IDA
NP,NPL,Nepal,2001,240.795114544664,63.336,24946748,Kathmandu,85.3157,27.6939,SAS,8S,South Asia,SAS,8S,South Asia,LMC,XN,Lower middle income,IDX,XI,IDA
NP,NPL,Nepal,2002,238.89140296106,63.264,25328981,Kathmandu,85.3157,27.6939,SAS,8S,South Asia,SAS,8S,South Asia,LMC,XN,Lower middle income,IDX,XI,IDA
NP,NPL,Nepal,2003,246.429706587633,64.197,25688758,Kathmandu,85.3157,27.6939,SAS,8S,South Asia,SAS,8S,South Asia,LMC,XN,Lower middle income,IDX,XI,IDA
NP,NPL,Nepal,2004,279.587750044428,64.818,26016656,Kathmandu,85.3157,27.6939,SAS,8S,South Asia,SAS,8S,South Asia,LMC,XN,Lower middle income,IDX,XI,IDA
NP,NPL,Nepal,2005,309.024168339372,65.457,26309458,Kathmandu,85.3157,27.6939,SAS,8S,South Asia,SAS,8S,South Asia,LMC,XN,Lower middle income,IDX,XI,IDA
NP,NPL,Nepal,2006,340.431796437968,65.868,26565425,Kathmandu,85.3157,27.6939,SAS,8S,South Asia,SAS,8S,South Asia,LMC,XN,Lower middle income,IDX,XI,IDA
NP,NPL,Nepal,2007,385.449767660642,66.329,26788492,Kathmandu,85.3157,27.6939,SAS,8S,South Asia,SAS,8S,South Asia,LMC,XN,Lower middle income,IDX,XI,IDA
NP,NPL,Nepal,2008,464.817391891529,66.421,26990037,Kathmandu,85.3157,27.6939,SAS,8S,South Asia,SAS,8S,South Asia,LMC,XN,Lower middle income,IDX,XI,IDA
NP,NPL,Nepal,2009,473.078751198621,66.761,27173035,Kathmandu,85.3157,27.6939,SAS,8S,South Asia,SAS,8S,South Asia,LMC,XN,Lower middle income,IDX,XI,IDA
NP,NPL,Nepal,2010,585.278491984574,66.814,27341952,Kathmandu,85.3157,27.6939,SAS,8S,South Asia,SAS,8S,South Asia,LMC,XN,Lower middle income,IDX,XI,IDA
NP,NPL,Nepal,2011,785.518656222132,67.313,27464494,Kathmandu,85.3157,27.6939,SAS,8S,South Asia,SAS,8S,South Asia,LMC,XN,Lower middle income,IDX,XI,IDA
NP,NPL,Nepal,2012,788.202937148377,67.47,27534915,Kathmandu,85.3157,27.6939,SAS,8S,South Asia,SAS,8S,South Asia,LMC,XN,Lower middle income,IDX,XI,IDA
NP,NPL,Nepal,2013,803.269595420477,67.965,27589996,Kathmandu,85.3157,27.6939,SAS,8S,South Asia,SAS,8S,South Asia,LMC,XN,Lower middle income,IDX,XI,IDA
NP,NPL,Nepal,2014,821.455224911731,68.085,27672370,Kathmandu,85.3157,27.6939,SAS,8S,South Asia,SAS,8S,South Asia,LMC,XN,Lower middle income,IDX,XI,IDA
NP,NPL,Nepal,2015,875.543635474862,67.456,27823629,Kathmandu,85.3157,27.6939,SAS,8S,South Asia,SAS,8S,South Asia,LMC,XN,Lower middle income,IDX,XI,IDA
NP,NPL,Nepal,2016,877.256454696737,68.776,27955462,Kathmandu,85.3157,27.6939,SAS,8S,South Asia,SAS,8S,South Asia,LMC,XN,Lower middle income,IDX,XI,IDA
NP,NPL,Nepal,2017,1034.28374906846,68.91,28011258,Kathmandu,85.3157,27.6939,SAS,8S,South Asia,SAS,8S,South Asia,LMC,XN,Lower middle income,IDX,XI,IDA
NP,NPL,Nepal,2018,1179.19843190389,68.979,28079689,Kathmandu,85.3157,27.6939,SAS,8S,South Asia,SAS,8S,South Asia,LMC,XN,Lower middle income,IDX,XI,IDA
NP,NPL,Nepal,2019,1203.14294706401,69.558,28414064,Kathmandu,85.3157,27.6939,SAS,8S,South Asia,SAS,8S,South Asia,LMC,XN,Lower middle income,IDX,XI,IDA
NP,NPL,Nepal,2020,1154.21517578318,69.246,28966574,Kathmandu,85.3157,27.6939,SAS,8S,South Asia,SAS,8S,South Asia,LMC,XN,Lower middle income,IDX,XI,IDA
NP,NPL,Nepal,2021,1252.75076731986,68.45,29475010,Kathmandu,85.3157,27.6939,SAS,8S,South Asia,SAS,8S,South Asia,LMC,XN,Lower middle income,IDX,XI,IDA
NP,NPL,Nepal,2022,1385.91066275016,70.484,29715436,Kathmandu,85.3157,27.6939,SAS,8S,South Asia,SAS,8S,South Asia,LMC,XN,Lower middle income,IDX,XI,IDA
PK,PAK,Pakistan,2000,642.338346499898,62.102,154879127,Islamabad,72.8,30.5167,SAS,8S,South Asia,SAS,8S,South Asia,LMC,XN,Lower middle income,IDB,XH,Blend
PK,PAK,Pakistan,2001,609.939506905073,62.421,159270907,Islamabad,72.8,30.5167,SAS,8S,South Asia,SAS,8S,South Asia,LMC,XN,Lower middle income,IDB,XH,Blend
PK,PAK,Pakistan,2002,599.937345723927,62.626,163222549,Islamabad,72.8,30.5167,SAS,8S,South Asia,SAS,8S,South Asia,LMC,XN,Lower middle income,IDB,XH,Blend
PK,PAK,Pakistan,2003,672.44178669894,62.843,167110248,Islamabad,72.8,30.5167,SAS,8S,South Asia,SAS,8S,South Asia,LMC,XN,Lower middle income,IDB,XH,Blend
PK,PAK,Pakistan,2004,771.902247348954,63.052,171286000,Islamabad,72.8,30.5167,SAS,8S,South Asia,SAS,8S,South Asia,LMC,XN,Lower middle income,IDB,XH,Blend
PK,PAK,Pakistan,2005,827.619861189926,62.466,175453212,Islamabad,72.8,30.5167,SAS,8S,South Asia,SAS,8S,South Asia,LMC,XN,Lower middle income,IDB,XH,Blend
PK,PAK,Pakistan,2006,900.873564984808,63.731,179682690,Islamabad,72.8,30.5167,SAS,8S,South Asia,SAS,8S,South Asia,LMC,XN,Lower middle income,IDB,XH,Blend
PK,PAK,Pakistan,2007,998.090114197524,63.852,184493231,Islamabad,72.8,30.5167,SAS,8S,South Asia,SAS,8S,South Asia,LMC,XN,Lower middle income,IDB,XH,Blend
PK,PAK,Pakistan,2008,1067.04324565284,64.036,189499113,Islamabad,72.8,30.5167,SAS,8S,South Asia,SAS,8S,South Asia,LMC,XN,Lower middle income,IDB,XH,Blend
PK,PAK,Pakistan,2009,963.788066395225,64.14,194376534,Islamabad,72.8,30.5167,SAS,8S,South Asia,SAS,8S,South Asia,LMC,XN,Lower middle income,IDB,XH,Blend
PK,PAK,Pakistan,2010,987.304571124485,64.436,199239047,Islamabad,72.8,30.5167,SAS,8S,South Asia,SAS,8S,South Asia,LMC,XN,Lower middle income,IDB,XH,Blend
PK,PAK,Pakistan,2011,1131.73513834324,64.648,203746065,Islamabad,72.8,30.5167,SAS,8S,South Asia,SAS,8S,South Asia,LMC,XN,Lower middle income,IDB,XH,Blend
PK,PAK,Pakistan,2012,1204.36475491585,64.782,207667125,Islamabad,72.8,30.5167,SAS,8S,South Asia,SAS,8S,South Asia,LMC,XN,Lower middle income,IDB,XH,Blend
PK,PAK,Pakistan,2013,1225.4340119198,65.15,211073978,Islamabad,72.8,30.5167,SAS,8S,South Asia,SAS,8S,South Asia,LMC,XN,Lower middle income,IDB,XH,Blend
PK,PAK,Pakistan,2014,1266.61340849959,65.284,214264647,Islamabad,72.8,30.5167,SAS,8S,South Asia,SAS,8S,South Asia,LMC,XN,Lower middle income,IDB,XH,Blend
PK,PAK,Pakistan,2015,1380.47020838317,65.697,217290883,Islamabad,72.8,30.5167,SAS,8S,South Asia,SAS,8S,South Asia,LMC,XN,Lower middle income,IDB,XH,Blend
PK,PAK,Pakistan,2016,1424.69161195897,65.88,220138869,Islamabad,72.8,30.5167,SAS,8S,South Asia,SAS,8S,South Asia,LMC,XN,Lower middle income,IDB,XH,Blend
PK,PAK,Pakistan,2017,1519.23459514248,66.297,223273967,Islamabad,72.8,30.5167,SAS,8S,South Asia,SAS,8S,South Asia,LMC,XN,Lower middle income,IDB,XH,Blend
PK,PAK,Pakistan,2018,1569.33814626355,66.482,226928892,Islamabad,72.8,30.5167,SAS,8S,South Asia,SAS,8S,South Asia,LMC,XN,Lower middle income,IDB,XH,Blend
PK,PAK,Pakistan,2019,1390.41690981745,66.756,230800899,Islamabad,72.8,30.5167,SAS,8S,South Asia,SAS,8S,South Asia,LMC,XN,Lower middle income,IDB,XH,Blend
PK,PAK,Pakistan,2020,1278.39735206896,66.269,235001746,Islamabad,72.8,30.5167,SAS,8S,South Asia,SAS,8S,South Asia,LMC,XN,Lower middle income,IDB,XH,Blend
PK,PAK,Pakistan,2021,1455.31922370186,66.098,239477801,Islamabad,72.8,30.5167,SAS,8S,South Asia,SAS,8S,South Asia,LMC,XN,Lower middle income,IDB,XH,Blend
PK,PAK,Pakistan,2022,1538.3228133171,66.431,243700667,Islamabad,72.8,30.5167,SAS,8S,South Asia,SAS,8S,South Asia,LMC,XN,Lower middle income,IDB,XH,Blend
